{"cameraMode":{"drawMode":0,"name":"Shaded","section":"Shading Mode"},"sceneLighting":true,"audioPlay":false,"sceneViewState":{"showFog":true,"showMaterialUpdate":false,"showSkybox":true,"showFlares":true,"showImageEffects":true,"showParticleSystems":true},"in2DMode":false,"pivot":{"x":-147.22882080078126,"y":319.3168640136719,"z":-49.50100326538086},"rotation":{"x":0.08936336636543274,"y":0.22246888279914857,"z":-0.020482035353779794,"w":0.9706220626831055},"size":15.429431915283204,"orthographic":false}