{"cameraMode":{"drawMode":0,"name":"Shaded","section":"Shading Mode"},"sceneLighting":false,"audioPlay":false,"sceneViewState":{"showFog":true,"showMaterialUpdate":true,"showSkybox":false,"showFlares":true,"showImageEffects":true,"showParticleSystems":true},"in2DMode":false,"pivot":{"x":34.54999923706055,"y":157.41000366210938,"z":131.66000366210938},"rotation":{"x":0.3344573974609375,"y":0.14479874074459077,"z":-0.05208594352006912,"w":0.9297656416893005},"size":0.8660253882408142,"orthographic":false}