{"cameraMode":{"drawMode":0,"name":"Shaded","section":"Shading Mode"},"sceneLighting":true,"audioPlay":false,"sceneViewState":{"showFog":true,"showMaterialUpdate":true,"showSkybox":true,"showFlares":true,"showImageEffects":true,"showParticleSystems":true},"in2DMode":false,"pivot":{"x":664.8939208984375,"y":-184.82794189453126,"z":418.53240966796877},"rotation":{"x":-0.2076064795255661,"y":-0.5236859321594238,"z":0.13333337008953095,"w":-0.8154003024101257},"size":454.0579833984375,"orthographic":false}