{"cameraMode":{"drawMode":0,"name":"Shaded","section":"Shading Mode"},"sceneLighting":true,"audioPlay":false,"sceneViewState":{"showFog":true,"showMaterialUpdate":true,"showSkybox":true,"showFlares":true,"showImageEffects":true,"showParticleSystems":true},"in2DMode":false,"pivot":{"x":12.101089477539063,"y":194.4759979248047,"z":96.16043853759766},"rotation":{"x":-0.24676267802715302,"y":-0.3989228904247284,"z":0.11222483217716217,"w":-0.8760681748390198},"size":145.3199920654297,"orthographic":false}